Book_Id,book_Title,Author_Name,ratings_count,Avg_Rating,Publish_year,Edition,Pages_no,Book_language,Reviews
0,Algorithms to Live By: The Computer Science of Human Decisions,Brian Christian,20493,4.14,2016,46,368,English,1962
1,iWoz: Computer Geek to Cult Icon: How I Invented the Personal Computer Co  Founded Apple and Had Fun Doing It,Steve Wozniak,16529,3.81,2006,37,313,English,794
2,Code: The Hidden Language of Computer Hardware and Software,,7052,4.4,1999,21,400,English,575
3,The Cuckoo's Egg: Tracking a Spy Through the Maze of Computer Espionage,Clifford Stoll,10386,4.24,1989,28,399,English,839
4,Hackers: Heroes of the Computer Revolution,Steven Levy,7207,4.14,1984,4,464,English,416
5,Structure and Interpretation of Computer Programs,Harold Abelson,4248,,1984,23,657,English,173
6,Hackers & Painters: Big Ideas from the Computer Age,Paul Graham,8203,4.06,2004,16,272,English,430
7,The Emperor's New Mind: Concerning Computers Minds and the Laws of Physics,Roger Penrose,6317,3.88,1989,,640,English,215
8,The Most Human Human: What Talking with Computers Teaches Us About What It Means to Be Alive,Brian Christian,4132,3.93,2011,22,303,English,439
9,The Age of Spiritual Machines: When Computers Exceed Human Intelligence,Ray Kurzweil,4052,3.9,1998,34,388,English,266
10,The Art of Computer Programming Volume 1: Fundamental Algorithms,Donald Ervin Knuth,1731,4.37,1973,17,672,English,45
11,Concrete Mathematics: A Foundation for Computer Science,Ronald L. Graham,1766,4.33,1988,11,672,English,27
12,Dealers of Lightning: Xerox PARC and the Dawn of the Computer Age,Michael A. Hiltzik,1905,4.12,1999,14,480,English,148
13,Computer Science With C++ Concepts File Handling Data Structures Vol. I and II,Sumita Arora,550,4.11,1999,1,854,,26
14,Computer Science With Python (textbook XII),Sumita Arora,474,3.72,2008,1,870,English,48
15,Computer Science with C++ for Class XI,Sumita Arora,,4.06,2009,1,890,English,26
16,Computer Networks,Andrew S. Tanenbaum,2122,4.1,1981,12,912,English,101
17,Computer Applications: A Textbook for Class IX,Sumita Arora,604,3.76,2020,1,552,English,67
18,Computer Fundamentals and Programming in C,Reema Thareja,494,4.09,2012,2,547,English,39
19,Automation Production Systems and Computer  Integrated Manufacturing,Mikell P. Groover,524,4.17,1980,18,815,English,40
20,The Art of Computer Programming Volumes 1  3 Boxed Set,Donald Ervin Knuth,726,4.5,1998,1,896,English,36
21,Computer Architecture and Organization,John P. Hayes,420,3.88,1988,9,604,English,32
22,Programming the Universe: A Quantum Computer Scientist Takes on the Cosmos,Seth Lloyd,1918,4.02,2006,17,240,English,97
23,Fire in the Valley: The Making of the Personal Computer,Paul Freiberger,1163,4.14,1984,7,463,English,55
24,The Glass Cage: How Our Computers Are Changing Us,Nicholas Carr,1959,3.75,2014,32,288,English,297
25,Computer Networking: A Top  Down Approach,,1811,4.04,2000,13,880,English,96
26,What the Dormouse Said: How the Sixties Counterculture Shaped the Personal Computer Industry,John Markoff,1013,3.82,2005,8,310,English,104
27,Nine Algorithms That Changed the Future: The Ingenious Ideas That Drive Today's Computers,John MacCormick,1328,3.87,2011,16,219,English,130
28,The Elements of Computing Systems: Building a Modern Computer from First Principles,Noam Nisan,690,4.54,2005,7,325,English,52
29,The Psychology of Computer Programming,Gerald M. Weinberg,531,4.1,1971,10,292,English,54
30,The Venetian's Wife: A Strangely Sensual Tale of a Renaissance Explorer a Computer and a Metamorphosis,Nick Bantock,1917,,1996,6,132,English,149
31,Computer Science with Python CBSE XI: Textbook for CBSE Class 11,Preeti Arora,311,3.97,2019,1,424,English,39
32,Mindstorms: Children Computers And Powerful Ideas,Seymour Papert,678,4.32,1980,,252,English,81
33,Insanely Great: The Life and Times of Macintosh the Computer that Changed Everything,Steven Levy,1150,3.96,1993,8,336,English,49
34,Computer Science Distilled: Learn the Art of Solving Computational Problems,Wladston Ferreira Filho,702,,2017,4,180,English,97
35,The Computer and the Brain,John von Neumann,548,3.86,1958,18,112,English,58
36,The Fourth Age: Smart Robots Conscious Computers and the Future of Humanity,Byron Reese,681,4.05,2018,11,320,English,87
37,The Man Who Knew Too Much: Alan Turing and the Invention of the Computer,David Leavitt,1180,3.46,2006,23,336,English,156
38,Computer Systems: A Programmer's Perspective,Randal E. Bryant,810,4.43,2002,26,978,English,40
39,Computer Architecture: A Quantitative Approach,John L. Hennessy,1011,4.1,1990,38,704,English,32
40,The Art of Computer Programming Volume 2: Seminumerical Algorithms,Donald Ervin Knuth,489,4.42,1969,12,784,English,6
41,The Art of Computer Programming: Volume 3: Sorting and Searching,Donald Ervin Knuth,479,4.39,1973,14,800,English,7
42,Turn Your Computer Into a Money Machine: How to make money from home and grow your income fast with no prior experience! Set up within a week!,Avery Breyer,,3.77,2015,3,81,English,91
43,The Digital Doctor: Hope Hype and Harm at the Dawn of Medicine's Computer Age,Robert M. Wachter,846,4.16,2015,5,352,English,79
44,Sid Meier's Memoir!: A Life in Computer Games,Sid Meier,561,4.17,2020,5,,English,115
45,Computer Organization & Design: The Hardware/Software Interface,David A. Patterson,1536,3.97,1993,49,965,English,59
46,,J. Clark Scott,596,4.45,2009,2,221,English,44
47,The Design of Design: Essays from a Computer Scientist,Frederick P. Brooks Jr.,564,,2010,9,421,English,47
48,Why I Am Not Going to Buy a Computer,Wendell Berry,750,3.6,1987,4,48,English,165
49,Clock of the Long Now: Time and Responsibility: The Ideas Behind the World's Slowest Computer,Stewart Brand,686,4.09,1999,13,208,English,75
50,APC Understanding Computer Applications with BlueJ ICSE Class 10,Vijay Kumar Pandey & Dilip Kumar Dey,179,3.56,2013,1,500,,11
51,Cyberpunk: Outlaws and Hackers on the Computer Frontier,Katie Hafner,755,3.83,,9,400,English,29
52,Concepts Techniques and Models of Computer Programming,Peter Van Roy,235,4.13,2004,3,936,English,14
53,Computer Science with Python: Textbook for CBSE Class 12,Preeti Arora,188,3.87,2019,1,464,English,25
54,The Computer Connection,,1079,3.48,1975,20,272,English,78
55,Grace Hopper: Queen of Computer Code,Laurie Wallmark,919,4.38,2017,3,,English,197
56,The Art of Computer Programming Volumes 1  4a Boxed Set,Donald Ervin Knuth,211,4.77,2011,1,3168,English,5
57,Racing the Beam: The Atari Video Computer System,Nick Montfort,681,4.09,,6,180,English,84
58,Python Programming for Beginners: An Introduction to the Python Computer Language and Computer Programming (Python Python 3 Python Tutorial),Jason Cannon,203,3.88,2014,4,164,English,16
59,Computer Science with Python for Class 12,Sumita Arora,214,3.92,2019,1,550,English,28
60,Artificial Unintelligence: How Computers Misunderstand the World,Meredith Broussard,369,3.76,2018,10,248,English,69
61,Cyber Security (with CD): Understanding Cyber Crimes Computer Forensics and Legal Perspectives,Nina Godbole,116,,2011,1,636,English,19
62,Software Engineering (International Computer Science Series),Ian Sommerville,838,3.76,1982,45,759,English,31
63,Computer System Architecture,M. Morris Mano,352,3.82,1976,12,544,English,22
64,Systems Programming (McGraw  Hill computer science series),John J. Donovan,159,3.8,1972,4,480,English,7
65,Advanced Computer Architecture: Parallelism Scalability Programmability,Kai Hwang,178,4.15,1992,2,672,English,
66,The Mysterious Affair at Olivetti: IBM the CIA and the Cold War Conspiracy to Shut Down Production of the World's First Desktop Computer,Meryle Secrest,102,3.17,,6,320,English,23
67,Discrete Mathematical Structures with Applications to Computer Science,Jean  Paul Tremblay,147,3.84,1975,2,606,English,9
68,,,745,3.72,2001,12,773,English,43
69,A History of Pictures: From the Cave to the Computer Screen,David Hockney,324,4.37,2016,13,360,English,47
70,Computer Graphics: Principles and Practice,James D. Foley,342,4.17,1990,7,1200,English,10
71,Hacking: Computer Hacking Beginners Guide How to Hack Wireless Network Basic Security and Penetration Testing Kali Linux Your First Hack,Alan T. Norman,142,3.71,,3,154,English,11
72,Digital Logic & Computer Design,M. Morris Mano,189,4.07,1979,5,612,English,20
73,Persuasive Technology: Using Computers to Change What We Think and Do,B.J. Fogg,267,3.84,2002,6,,English,25
74,Fundamentals of Computers,V. Rajaraman,148,3.93,2011,6,500,English,6
75,Mathematical Elements for Computer Graphics,David F. Rogers,140,4.07,,3,611,English,13
76,Computer Organization and Architecture: Designing for Performance,William Stallings,541,4.06,1987,46,815,English,23
77,The Cosmic Computer,H. Beam Piper,1125,3.72,1963,6,249,English,112
78,Music Theory for Computer Musicians (Computer Musicians 1),Michael Hewitt,324,4.23,2008,4,,English,13
79,What Computers Still Can't Do: A Critique of Artificial Reason,Hubert L. Dreyfus,179,4.15,1972,4,408,English,13
80,Wizards Don't Need Computers (The Adventures of the Bailey School Kids #20),Debbie Dadey,682,,1996,6,63,English,19
81,The New Turing Omnibus: 66 Excursions In Computer Science,A.K. Dewdney,311,3.89,1989,4,480,English,16
82,The Computational Beauty of Nature: Computer Explorations of Fractals Chaos Complex Systems and Adaptation,Gary William Flake,249,4.37,1998,4,514,English,17
83,The Pattern on the Stone: The Simple Ideas that Make Computers Work,William Daniel Hillis,607,4.04,1998,19,176,English,63
84,The Planiverse: Computer Contact with a Two  Dimensional World,A.K. Dewdney,441,4.18,1983,12,247,English,46
85,Structured Computer Organization,Andrew S. Tanenbaum,488,3.98,1976,37,669,English,15
86,Cad/CAM: Computer  Aided Design and Manufacturing,,182,4.02,1983,3,512,English,7
87,Things a Computer Scientist Rarely Talks About,Donald Ervin Knuth,227,3.97,2001,2,257,English,31
88,Testing Computer Software,Cem Kaner,273,3.86,,19,480,English,24
89,Computer Power and Human Reason: From Judgment to Calculation,Joseph Weizenbaum,192,4.31,1976,10,300,,22
90,Learn Python 3 the Hard Way: A Very Simple Introduction to the Terrifyingly Beautiful World of Computers and Code (Zed Shaw's Hard Way Series),Zed A. Shaw,374,3.91,2017,9,320,English,41
91,My Creepy Computer / There's a Ghost in My Phone! (Mr Midnight 4),James Lee,411,4.22,2015,2,128,English,16
92,Graph Theory With Applications To Engineering And Computer Science,Narsingh Deo,128,4.02,,2,478,English,8
93,The Universal History of Numbers: From Prehistory to the Invention of the Computer,Georges Ifrah,,4.17,1981,9,656,English,15
94,Decoding the Heavens: A 2 000  Year  Old Computer and the Century  Long Search to Discover Its Secrets,Jo Marchant,446,4.05,2009,16,328,English,81
95,Computers and Intractability: A Guide to the Theory of NP  Completeness,Michael R. Garey,192,4.14,1979,2,340,English,8
96,Arthur's Computer Disaster: An Arthur Adventure (Arthur Adventure Series),Marc Brown,591,3.94,1997,12,32,English,34
97,The Universal Computer: The Road from Leibniz to Turing,Martin D. Davis,385,4.08,2000,18,257,English,48
98,Theory Of Computer Science: Automata Languages And Computation,K.L.P. Mishra,70,3.97,2010,1,436,English,7
99,Ada's Ideas: The Story of Ada Lovelace the World's First Computer Programmer,Fiona Robinson,448,4.1,2016,5,40,English,99
100,Takedown: The Pursuit and Capture of Kevin Mitnick America's Most Wanted Computer Outlaw By the Man Who Did It,Tsutomu Shimomura,581,3.45,1996,11,336,English,31
101,Computer Science: A Structured Approach Using C++,Behrouz A. Forouzan,126,3.94,1999,4,1022,English,10
102,OK Computer,Dai Griffiths,464,2.71,2004,4,123,English,59
103,Computer Architecture and Parallel Processing,Kai Hwang,94,4.09,2020,4,846,English,7
104,Infinite Loop: How Apple the World's Most Insanely Great Computer Company Went Insane,Michael S. Malone,277,4.25,,4,597,English,9
105,Python Programming: An Introduction to Computer Science,John Zelle,427,4.01,2003,15,517,English,28
106,A Computer Called Katherine: How Katherine Johnson Helped Put America on the Moon,Suzanne Slade,475,4.35,2019,5,40,,92
107,Mathematics for Computer Science,Eric Lehman,70,3.84,2010,6,1048,English,9
108,The Second Self: Computers & the Human Spirit (20th Anniversary),Sherry Turkle,169,3.99,1984,9,372,English,
109,Computer Engineering: Hardware Design,M. Morris Mano,,3.79,1988,1,434,English,4
110,Digital Computer Electronics,Albert Paul Malvino,146,4.14,1977,7,522,English,12
111,The Mystery in the Computer Game (The Boxcar Children 78),Gertrude Chandler Warner,407,3.95,2000,24,128,English,10
112,Wetware: A Computer in Every Living Cell,,201,3.88,2009,4,280,English,24
113,Are You Living In a Computer Simulation?,Nick Bostrom,182,4.3,,2,14,English,20
114,Turing's Vision: The Birth of Computer Science,Chris Bernhardt,171,4.27,2016,7,,English,28
115,Computer Lib/Dream Machines,Ted Nelson,112,4.49,1974,4,336,English,23
116,Computer Love Inc. (Computer Love Inc. #1),Kurt Hansen,11,3.64,2013,2,223,English,5
117,Cancel Kindle Unlimited: How to Cancel Kindle Unlimited ) Step By Step With Screenshots and FREE GIFT,Computer Nerds,40,4.08,2020,1,11,English,6
118,Longman Complete Course for the TOEFL Test: Preparation for the Computer and Paper Tests (Student Book + CD  ROM with Answer Key),Deborah Phillips,129,4.16,2000,8,640,English,8
119,How Computers Work,Ron White,329,3.89,1992,26,464,English,26
120,Artificial Life: A Report from the Frontier Where Computers Meet Biology,Steven Levy,300,3.99,1992,6,400,English,14
121,The Plug  In Drug: Television Computers and Family Life,Marie Winn,251,3.83,,7,352,English,42
122,Superminds: The Surprising Power of People and Computers Thinking Together,Thomas W. Malone,178,3.54,2018,2,384,English,18
123,Computer Applications: A Textbook for Class X,,69,3.64,2014,1,500,English,9
124,Alicia's Misadventures in Computer Land,Belinda Vasquez Garcia,15,3.47,2005,3,190,English,5
125,Computer Systems Organization and Architecture,John D. Carpinelli,80,,2000,1,608,English,3
126,The Invisible Computer: Why Good Products Can Fail the Personal Computer Is So Complex and Information Appliances Are the Solution,Donald A. Norman,243,3.9,1998,6,320,English,11
127,Peter Norton's Introduction to Computers,Peter Norton,110,3.76,1994,13,656,English,7
128,Multiple Choice Questions in Computer Science,Ela Kumar,66,3.62,2008,1,472,English,9
129,I Love My Computer Because My Friends Live in It: Stories from an Online Life,Jess Kimball Leslie,181,3.28,2017,6,240,English,48
130,The Difference Engine : Charles Babbage And The Quest To Build The First Computer,Doron Swade,262,3.75,2000,4,342,English,39
131,Basic Category Theory for Computer Scientists,Benjamin C. Pierce,133,3.56,,3,100,English,18
132,Dungeons & Dreamers: A Story of how Computer Games Created a Global Community,Brad King,370,3.62,2003,5,278,English,28
133,Computer Science: An Overview,J. Glenn Brookshear,311,3.76,1985,35,,English,23
134,Fundamental Concepts of Computer System,Asiya Sultan Ali and Amena Nudrat,108,4.02,2020,1,500,English,21
135,The Man Who Invented the Computer: The Biography of John Atanasoff Digital Pioneer,Jane Smiley,287,3.53,2010,6,256,English,57
136,The Computer Music Tutorial,Curtis Roads,191,4.39,1996,3,1256,English,10
137,Schrödinger's Killer App: Race to Build the World's First Quantum Computer,Jonathan P. Dowling,33,3.73,2013,4,453,English,11
138,Understanding Computers and Cognition: A New Foundation for Design,Terry Winograd,162,4.16,,3,207,English,15
139,Rebels Against the Future: The Luddites and Their War on the Industrial Revolution: Lessons for the Computer Age,Kirkpatrick Sale,140,3.81,1995,4,336,,18
140,Rebels Against the Future: The Luddites and Their War on the Industrial Revolution: Lessons for the Computer Age,Kirkpatrick Sale,140,3.81,1995,4,336,English,18
141,FAB: The Coming Revolution on Your Desktop–from Personal Computers to Personal Fabrication,Neil Gershenfeld,212,,2005,7,278,English,18
142,Fundamentals of Computer Algorithms,Ellis Horowitz,114,3.87,1978,6,626,English,6
143,,Donald Ervin Knuth,81,4.47,2011,7,912,English,4
144,How to Think Like a Computer Scientist: Learning with Python,Allen B. Downey,1291,4.11,2002,45,288,English,134
145,Cambridge International as and a Level Computer Science Revision Guide,Tony Piper,41,4.29,2016,1,328,English,4
146,Eniac: The Triumphs and Tragedies of the World's First Computer,Scott McCartney,363,,1999,6,262,English,45
147,Ada the Enchantress of Numbers: A Selection from the Letters of Lord Byron's Daughter and Her Description of the First Computer,Ada Lovelace (Letters),105,3.34,1992,3,,English,18
148,The End of The Computer (Thunder Valley Trilogy #1),Andre Mikhailovich Solonitsyn,73,4,2011,2,355,English,21
149,Computer: A History of the Information Machine,Martin Campbell  Kelly,211,3.87,1996,16,360,English,24
150,Computer Science with Python: Textbook for CBSE Class 12,Preeti Arora,80,4.26,2018,2,496,English,6
151,Deep Learning for Computer Vision with Python — Starter Bundle,Adrian Rosebrock,70,4.39,2017,1,330,English,6
152,I Am Error: The Nintendo Family Computer / Entertainment System Platform,Nathan Altice,143,4.29,2015,3,440,English,23
153,Elements of Power System Analysis (Mcgraw Hill Series in Electrical and Computer Engineering),William D. Stevenson,89,3.97,1975,5,436,English,3
154,,Joe Flood,231,4.05,2010,5,336,English,37
155,Coding the Matrix: Linear Algebra through Computer Science Applications,Philip N. Klein,115,4.23,2013,2,528,English,5
156,Quantum Computing for Computer Scientists,Noson S. Yanofsky,86,4.21,2008,7,384,English,11
157,Computer Fundamentals,P.K. Sinha,76,3.79,2004,2,350,English,5
158,Data and Computer Communications,William Stallings,274,3.88,,35,878,English,17
159,Counter Hack Reloaded: A Step  By  Step Guide to Computer Attacks and Effective Defenses,Edward Skoudis,217,4,2005,4,748,English,4
160,,V.K. Pandey,49,4.16,2019,1,450,English,5
161,Theory of Computer Science: Automata Languages and Computation 3/E,K.L.P. Mishra,64,4,2013,1,,English,1
162,Solutions Manual for Probablility and Statistics for Computer Scientists,Michael Baron,27,4.07,2019,1,634,English,13
163,Mathematics for 3D Game Programming and Computer Graphics,Eric Lengyel,184,4.01,2001,8,545,English,6
164,Computer Science In Python 11th Class,Sumita Arora,43,4.14,2019,1,750,English,5
165,Mind Over Machine: The Power of Human Intuition and Expertise in the Era of the Computer,Hubert L. Dreyfus,65,3.82,1987,7,252,English,7
166,,William J. Baumol,144,3.71,2012,6,272,English,22
167,A Vast Machine: Computer Models Climate Data and the Politics of Global Warming,Paul N. Edwards,89,4,2010,7,518,English,11
168,Understanding Computer Applications with Blue J Class IX,Dilip Kumar Dey,60,3.98,2021,1,448,English,5
169,Discrete Mathematics for Computer Scientists and Mathematicians,Joe L. Mott,56,,1985,3,563,English,10
170,Algorithms on Strings Trees and Sequences: Computer Science and Computational Biology,Dan Gusfield,85,4.09,1997,4,556,English,4
171,Computer Age Statistical Inference: Algorithms Evidence and Data Science,Bradley Efron,94,4.38,2016,4,495,English,6
172,Computer Programming for Beginners: Fundamentals of Programming Terms and Concepts,Nathan Clark,51,3.98,2018,2,209,English,8
173,Breathing Machine: A Memoir of Computers,Leigh Alexander,275,3.99,2014,5,,English,33
174,The Advent of the Algorithm: The 300  Year Journey from an Idea to the Computer,David Berlinski,209,3.33,2000,5,368,English,29
175,Hacking: Ultimate Hacking for Beginners How to Hack,Andrew McKinnon,131,3.47,2015,2,218,English,6
176,Designing the User Interface: Strategies for Effective Human  Computer Interaction,Ben Shneiderman,162,3.54,1986,24,652,English,7
177,The WoW Diary: A Journal of Computer Game Development,John Staats,254,4.48,2018,2,336,English,33
178,Steal This Computer Book 4.0 – What They Won′t Tell You About the Internet 4e,Wallace Wang,216,3.64,2006,6,376,English,17
179,Human  Computer Interaction,Alan Dix,148,3.73,1993,4,880,,5
180,Designing the User Interface: Strategies for Effective Human  Computer Interaction,Ben Shneiderman,162,3.54,1986,24,652,English,7
181,Computer Love Inc. II: Gestation (Computer Love Inc. #2),Kurt Hansen,10,4.4,2014,2,215,English,3
182,Virtual Reality: The Revolutionary Technology of Computer  Generated Artificial Worlds  And How It Promises to Transform Society,Howard Rheingold,127,3.67,1991,9,416,English,7
183,Hacking: The Underground Guide to Computer Hacking Including Wireless Networks Security Windows Kali Linux and Penetration Testing,Abraham K. White,43,3.35,2017,2,232,English,
184,The Thrilling Adventures of Lovelace and Babbage: The (Mostly) True Story of the First Computer,Sydney Padua,4187,4.03,2015,10,320,English,902
185,Foundations of Computer Science,Behrouz A. Forouzan,108,3.96,2002,3,,English,6
186,Computer Science: A Structured Programming Approach Using C,Behrouz A. Forouzan,93,3.89,2000,6,832,English,6
187,,Tiana Laurence,120,3.18,2019,10,240,English,20
188,Computer Organization,V. Carl Hamacher,135,3.63,1978,12,832,English,10
189,Rebuilt: How Becoming Part Computer Made Me More Human,Michael Chorost,243,3.64,2005,7,232,English,35
190,Fumbling the Future: How Xerox Invented Then Ignored the First Personal Computer,Douglas K. Smith,149,3.89,1988,7,276,English,11
191,Solutions Manual for Probability for Electrical and Computer Engineers,Charles W. Therrien,50,4.06,2004,1,267,English,13
192,100 Amazing Computer Tips,Diane McKeever,10,4.3,2014,3,256,English,5
193,The Coding Samurai: The Way of the Computer Warrior,Ian Felton,7,4.43,2017,2,378,English,4
194,Dungeons and Desktops: The History of Computer Role  Playing Games,Matt Barton,199,3.63,2008,7,456,English,32
195,Schaum's Outline of Computer Graphics 2/E,Roy A. Plastock,53,4.13,,1,347,English,5
196,,Larry L. Peterson,214,3.83,1996,31,806,English,13
197,The Children's Machine: Rethinking School In The Age Of The Computer,Seymour Papert,109,4.1,1993,4,256,English,9
198,Out of Their Minds: The Lives and Discoveries of 15 Great Computer Scientists,Dennis E. Shasha,166,3.83,1995,4,291,English,20
199,The Animator's Survival Kit: A Manual of Methods Principles and Formulas for Classical Computer Games Stop Motion and Internet Animators,Richard Williams,6776,4.38,2001,12,392,English,132
200,Computer Graphics Using OpenGL,F.S. Hill Jr.,88,4.07,2000,5,778,,9
201,Computer Vision: Algorithms and Applications,Richard Szeliski,102,4.16,2010,4,812,English,2
202,,B. Jack Copeland (Editor),131,4.02,2006,9,462,English,14
203,Fumbling the Future: How Xerox Invented Then Ignored the First Personal Computer,Douglas K. Smith,149,3.89,1988,7,276,English,11
204,Computer Fundamentals: Architecture And Organization,B. Ram,9,4.11,2014,2,442,English,0
205,PINKI AND COMPUTER VIRUS,Pran Kumar Sharma,323,4.4,,1,32,English,1
206,Writing for Computer Science,Justin Zobel,141,4.01,1997,7,270,English,10
207,The Design and Analysis of Computer Algorithms,Alfred V. Aho,,3.87,1974,3,480,English,4
208,Humans vs Computers,Gojko Adzic,128,3.99,2017,5,222,English,20
209,Fundamentals of Computers,Reema Thareja,71,4.25,2014,,288,English,5
210,How to Code in 10 Easy Lessons: Learn how to design and code your very own computer game,Sean McManus,39,4.36,2015,2,64,English,7
211,Computer Programming: Learn Any Programming Language In 2 Hours,Cooper Alvin,16,3.31,2018,2,774,English,1
212,Out of Their Minds: The Lives and Discoveries of 15 Great Computer Scientists,Dennis E. Shasha,166,3.83,1995,4,291,English,20
213,Computer Gramam,Sujatha,160,,2010,4,128,Tamil,20
214,The Windows Command Line Beginner's Guide,Jonathan Moeller,105,3.76,2011,4,121,English,6
215,Selected Papers on Computer Science,Donald Ervin Knuth,70,3.86,1996,2,276,,4
216,Learning OpenCV: Computer Vision with the OpenCV Library,Gary Bradski,166,4.05,2008,7,580,English,13
217,,Udit Agarwal,24,4,2010,1,430,English,0
218,Hello World! Computer Programming for Kids and Other Beginners,Warren Sande,186,4.07,2008,8,440,English,15
219,Computer Graphics: A Programming Approach,Steven Harrington,42,3.64,1982,4,466,English,1
220,The Berenstain Bears' Computer Trouble,Jan Berenstain,254,,2010,6,32,English,24
221,Digital Computer Fundamentals,Thomas C. Bartee,51,3.94,1960,9,563,English,8
222,,Al Sweigart,179,4.11,2009,13,438,English,18
223,Hello World! Computer Programming for Kids and Other Beginners,Warren Sande,186,4.07,2008,8,440,English,15
224,,Peter Shirley,94,3.78,2002,8,392,English,4
225,The Media Equation: How People Treat Computers Television and New Media Like Real People and Places,Byron Reeves,142,3.77,1996,6,305,English,10
226,The Apollo Guidance Computer: Architecture And Operation (Springer Praxis Books / Space Exploration),Frank O'Brien,88,4.27,2010,4,439,English,10
227,Computer Science: A Very Short Introduction,Subrata Dasgupta,127,3.61,2016,2,144,English,12
228,Hidden In Plain Sight 10: How To Program A Quantum Computer,Andrew Thomas,112,4.12,2018,1,,English,10
229,Understanding the Digital World: What You Need to Know about Computers the Internet Privacy and Security,Brian W. Kernighan,93,4.11,2017,4,256,English,8
230,Introduction to Computer Theory,Daniel I.A. Cohen,94,3.86,1986,8,648,English,12
231,Computers as Theatre,Brenda Laurel,112,3.92,1991,6,227,,8
232,HACKED: Kali Linux and Wireless Hacking Ultimate Guide With Security and Penetration Testing Tools Practical Step by Step Computer Hacking Book,Alan T. Norman,,3.92,2018,2,158,English,3
233,Advanced Computer Architecture,Kai Hwang,56,3.84,1993,2,672,English,6
234,Computer One,Warwick Collins,76,3.89,1993,5,274,English,6
235,Digital Design and Computer Architecture,David Money Harris,119,4.33,2007,15,592,English,8
236,,Glenn Damato,383,3.67,2012,2,362,English,28
237,The Little Kingdom: The Private Story of Apple Computer,Michael Moritz,62,4.39,1984,1,336,English,4
238,Computer Love Inc. III: Blood Brothers,Kurt Hansen,4,5,2016,2,227,English,1
239,Computer Graphics with OpenGL,Donald Hearn,133,3.73,2003,11,880,English,8
240,Advanced Computer Architectures: A Design Space Approach,Dezso Sima,43,3.67,1997,1,766,English,4
241,Computers Made Easy: From Dummy To Geek,James Bernstein,24,3.88,2018,4,221,English,0
242,The Computer Boys Take Over: Computers Programmers and the Politics of Technical Expertise,Nathan L. Ensmenger,82,3.79,2010,5,336,English,13
243,Hacking: Computer Hacking Security Testing Penetration Testing and Basic Security,Gary Hall,84,2.87,2014,3,136,English,7
244,Little Computer People,Galen Surlak  Ramsey,78,3.88,2017,4,266,English,32
245,,Thomas G. West,103,4.17,1991,5,397,English,9
246,A Gift of Fire: Social Legal and Ethical Issues for Computers and the Internet,Sara Baase,254,3.44,1996,19,464,English,24
247,Computer Networking: Beginner's guide for Mastering Computer Networking and the OSI Model (Computer Networking Series Book 1),Ramon Nastase,40,,2018,2,80,English,5
248,Modern Computer Architecture,Mohamed Rafiquzzaman,25,4.28,1988,2,410,English,4
249,My Mother Was a Computer: Digital Subjects and Literary Texts,N. Katherine Hayles,108,3.77,2005,7,288,English,5
250,Online with Computers Book,Charles Baker Books Limited,40,3.82,2020,1,,English,4
251,Physical Computing: Sensing and Controlling the Physical World with Computers,Dan O'Sullivan,127,4.06,2004,2,464,English,7
252,Computer Control of Processes,M. Chidambaram,39,3.54,2002,3,284,English,4
253,Learn Python the Hard Way: A Very Simple Introduction to the Terrifyingly Beautiful World of Computers and Code (Zed Shaw's Hard Way Series),Zed A. Shaw,1193,3.87,2010,13,320,English,123
254,A Shortcut Through Time: The Path to the Quantum Computer,George Johnson,215,3.7,2003,12,224,English,23
255,Dreaming in Code: Ada Byron Lovelace Computer Pioneer,Emily Arnold McCully,144,3.72,2019,4,176,English,54
256,Who Says Women Can't Be Computer Programmers?: The Story of Ada Lovelace,Tanya Lee Stone,177,3.79,2018,2,40,English,41
257,Help Your Kids with Computer Coding,Carol Vorderman,101,4.23,2014,4,224,English,16
258,Kips Cyber Beans Computer Applications for Class 10,Kips Learning Solutions Pvt. Ltd.,35,3.46,2018,1,336,English,6
259,A History of Pictures for Children: From Cave Paintings to Computer Drawings,David Hockney,157,4.21,2018,11,128,English,47
261,,Aaron Lynch,121,3.22,1996,4,208,English,10
262,How to Build a Computer: Learn How to Build Your Own Computer From Scratch. The Parts Connecting Everything Together Installation and More... All You Need to Know on How to Build a PC in One Guide!,Douglas L. Miller,88,3.97,2013,1,52,English,7
263,Computer Science: A Breadth  First Approach with C,John Impagliazzo,41,3.71,,2,768,English,5
264,for Computer Science,P. Charles Brown,35,3.71,2015,1,241,,1
265,How to Solve It by Computer,R.G. Dromey,44,,2008,3,442,English,2
266,Foundations of Computer Science: C Edition,Alfred V. Aho,97,4.01,1992,4,800,English,4
267,Computer and Communication Networks,Nader F. Mir,44,3.82,2006,8,,English,1
268,Computers & Typesetting Volume A: The TeXBook,Donald Ervin Knuth,146,4.33,1984,2,483,English,8
269,Cambridge IGCSE Computer Studies Coursebook [With CDROM],Chris Leadbetter,47,4.38,2011,2,306,German,2
270,Online with Computers Book,Charles Baker Books Limited,33,2.97,2010,1,104,English,2
271,The Art of Computer Programming Volume 4 Fascicle 0: Introduction to Combinatorial Algorithms and Boolean Functions,Donald Ervin Knuth,40,4.58,2008,1,,English,1
272,From Barbie to Mortal Kombat: Gender and Computer Games,Justine Cassell (Editor),89,3.8,1998,4,380,English,3
273,The Computer: A Very Short Introduction,Darrel Ince,64,3.44,2011,2,139,English,13
274,The Computer Heist (The Travelers #2),Michael P. King,96,4.01,2018,2,181,,19
275,The Art of Computer Systems Performance Analysis: Techniques for Experimental Design Measurement Simulation and Modeling,Raj Jain,63,4.22,1991,2,720,English,8
276,Quantum Computer Science,N. David Mermin,40,3.62,2007,5,220,English,5
277,Procedural Elements of Computer Graphics,David F. Rogers,68,4.06,1984,3,711,English,3
278,Click Start Level 8: Computer Science for Schools,Anjana Virmani,25,4.08,2016,1,84,English,2
279,The Dreams of Reason: The Computer and the Rise of the Sciences of Complexity,Heinz R. Pagels,75,4.13,1988,2,352,English,6
280,The New Division of Labor: How Computers Are Creating the Next Job Market,Frank S. Levy,50,3.66,2004,5,174,English,8
281,Winnie's New Computer,Valerie Thomas,233,4.14,2003,20,32,English,21
282,High  Tech Heretic: Reflections of a Computer Contrarian,Clifford Stoll,185,3.54,1999,6,240,English,16
283,User Centered System Design: New Perspectives on Human  Computer Interaction,Donald A. Norman (Editor),24,3.88,1986,4,544,English,1
284,Computer Memory: Develop A Computer Like Memory In 5 Minutes A Day,Michael Davis,38,3.34,2017,2,82,English,6
285,Understanding Computers: Today and Tomorrow Comprehensive,Deborah Morley,96,3.91,2001,18,350,English,10
286,,Charles Baker Books Limited,25,3.76,2018,1,108,English,2
287,Online with Computers Book  8,Charles Baker Books Limited,32,3.66,2019,1,148,English,3
288,It's Not Carpal Tunnel Syndrome!: RSI Theory and Therapy for Computer Professionals,Suparna Damany MSPT,152,4.2,2001,1,234,English,12
289,Commodore 64 Programmer's Reference Guide,Commodore Computer,48,4.48,1982,1,486,English,4
290,Research Methods in Human  Computer Interaction,Jonathan Lazar,83,4.08,2009,5,446,English,3
291,How To Cancel A Kindle Order: How To Return A Kindle Book Fast And Easy And Get A Refund Step By Step With Screenshots And FREE Gift,Computer Nerds,9,3.89,2020,1,11,English,1
292,Failure to Connect: How Computers Affect Our Children's Minds – and What We Can Do About It,Jane M. Healy,76,3.84,,8,352,English,7
293,Solutions Manual to Accompany Introduction to Computer Theory,Daniel I.A. Cohen,27,3.59,2013,1,188,English,7
294,,Ernest P. Chan,36,4.17,2016,1,256,English,5
295,The Art of Computer Programming Volume 4 Fascicle 4: Generating All Trees  History of Combinatorial Generation,Donald Ervin Knuth,35,4.51,2006,1,120,English,0
297,The Art of Computer Programming Volume 4 Fascicle 3: Generating All Combinations and Partitions,Donald Ervin Knuth,45,4.53,2005,1,160,,2
298,Probability and Statistics with Reliability Queuing and Computer Science Applications,Kishor S. Trivedi,24,4.04,1982,6,624,English,3
299,Solutions Manual To Accompany Power System Analysis And Design With Personal Computer Applications,J. Duncan Glover,29,3.93,1987,1,153,English,4
300,Behind Deep Blue: Building the Computer That Defeated the World Chess Champion,Feng  Hsiung Hsu,139,3.81,2002,2,320,English,15
301,Logic and Computer Design Fundamentals,M. Morris Mano,175,3.62,1900,27,650,English,8
302,A Machine Made This Book: Ten Sketches of Computer Science,John Whitington,7,3.29,2016,2,204,English,4
303,Classic Computer Science Problems in Python,David Kopec,41,3.68,2019,7,224,English,11
304,Computer Networking,Stanford H. Rowe,20,3.9,2004,1,645,English,2
305,Composition for Computer Musicians,Michael Hewitt,80,4.34,2009,3,304,English,3
306,Ada Lovelace: The Making of a Computer Scientist,Christopher Hollings,45,4.02,2018,1,128,English,7
307,Coding for Kids in Scratch 3: The Complete Guide to Creating Art Artificial Intelligence and Computer Games for Beginners,Raj Sidhu,57,4.3,2019,2,149,English,2
308,Hacking: Hacking For Beginners Guide On How To Hack Computer Hacking And The Basics Of Ethical Hacking (Hacking Books),Josh Thompsons,31,3.65,2017,1,114,English,2
309,Online with Computers Book  4,Charles Baker Books Limited,31,3.68,2018,1,88,English,3
310,On Computer Simulated Universes,Mark J. Solomon,68,3.84,2013,3,48,English,13
311,Interactive Computer Graphics: A Top  Down Approach Using OpenGL,Edward Angel,93,3.69,1996,13,864,English,8
312,Multiple View Geometry in Computer Vision,Richard Hartley,111,4.32,2000,8,670,English,2
313,Introduction to Computer Security,Michael T. Goodrich,65,4,2010,9,556,English,3
314,Computers as Components: Principles of Embedded Computing Systems Design,Wayne Wolf,44,3.86,2000,9,656,English,1
315,The Art Of Computer Game Design,Chris Crawford,122,3.75,2012,3,240,English,13
316,The Cartoon Guide to the Computer,Larry Gonick,98,3.89,1983,3,256,English,8
317,Handbook of Computer Science & IT,Arihant Experts,32,3.88,2013,3,416,English,2
318,System Simulation With Digital Computer,Narsingh Deo,21,3.76,2004,2,216,English,4
319,,Sumita Arora,24,3.92,2012,1,704,English,6
320,Essential Algorithms: A Practical Approach to Computer Algorithms,Rod Stephens,55,3.98,2013,8,301,English,6
321,The Art of Computer Programming Volume 4 Fascicle 1: Bitwise Tricks & Techniques; Binary Decision Diagrams,Donald Ervin Knuth,29,4.72,2009,1,260,English,0
322,The Cartoon Guide to the Computer,Larry Gonick,,3.89,1983,3,256,English,8
323,Probability and Stochastic Processes: A Friendly Introduction for Electrical and Computer Engineers,Roy D. Yates,49,3.76,,7,544,English,2
324,Computer Knowledge for SBI/ IBPS Clerk/ PO/ RRB/ RBI/ SSC/ Insurance Exams,Shikha Agarwal,13,3.92,2014,2,250,English,0
325,Real Digital Forensics: Computer Security and Incident Response,Keith J. Jones,75,4.16,2005,2,688,English,4
326,The Story of Libraries: From the Invention of Writing to the Computer Age,Fred Lerner,164,3.31,1998,4,256,English,17
327,Human  Computer Interaction: An Empirical Research Perspective,I. Scott MacKenzie,30,4.5,2012,4,351,English,5
328,Computer Peripherals,Barry M. Cook,41,3.9,2009,3,308,,6
329,Intercept: The Secret History of Computers and Spies,Gordon Corera,618,3.99,,13,431,English,84
330,Mathematical Structures for Computer Science,Judith L. Gersting,49,4.04,1982,9,784,English,3
331,Why Aren't They Shouting?: How Computers Ate Banking,Kevin Rodgers,156,4.24,2016,4,304,English,11
332,Computer Science,C.S. French,36,4.11,2015,5,750,English,12
333,Practical Programming: An Introduction to Computer Science Using Python,Jennifer Campbell,72,3.75,2009,,350,English,11
334,The Policeman's Beard is Half  Constructed: Computer Prose and Poetry,Racter,83,3.8,1983,1,120,English,18
335,Mathematical Elements for Computer Graphics,David F. Rogers,30,3.7,1989,1,611,English,0
336,Deep Learning for Computer Vision with Python ImageNet Bundle,Adrian Rosebrock,20,,2017,1,321,English,1
337,,Michael Huth,65,3.91,1999,10,447,English,7
338,Special  for the students of computer,Manoochehr Haghani,25,4,2002,1,249,English,3
339,Schaum's Outline of Essential Computer Mathematics,Seymour Lipschutz,53,4.02,1982,3,384,English,1
340,Genetic Programming: On the Programming of Computers by Means of Natural Selection,John R. Koza,45,,1992,3,836,English,2
341,Introduction to Computer Graphics and Multimedia,Anirban Mukhopadhyay,18,3.89,2010,1,454,English,2
342,The Art of Computer Programming Volume 4 Fascicle 2: Generating All Tuples and Permutations,Donald Ervin Knuth,30,4.7,2005,1,127,,0
343,Networking Made Easy: Get Yourself Connected (Computers Made Easy Book 3),James Bernstein,17,3.88,2018,1,143,English,2
344,Essential Office 365 Second Edition: The Illustrated Guide to Using Microsoft Office,Kevin Wilson,7,4.43,2018,2,457,English,1
345,Engineering Thermodynamics: A Computer Approach,R.K. Rajput,126,3.91,2009,2,955,English,0
346,Technical Traders Guide to Computer Analysis of the Futures Markets,Charles Lebeau,52,3.94,1991,1,312,English,4
347,Metric Pattern Cutting For Menswear: Including Unisex Clothes And Computer Aided Design,Winifred Aldrich,40,4.42,1990,3,168,English,3
348,,H. Ward Silver,335,3.74,2004,21,414,English,19
349,When Computers Were Human,David Alan Grier,41,4.02,2005,5,411,English,5
350,My Life as a Computer Cockroach (The Incredible Worlds of Wally McDoogle 17),Bill Myers,124,3.65,1999,5,128,English,3
351,The Closed World: Computers and the Politics of Discourse in Cold War America,Paul N. Edwards,64,,1996,4,462,English,7
352,Computer Techniques and Model in Power Systems,K. Uma Rao,20,4.3,2008,1,512,English,0
353,Guide to Computer Forensics and Investigations (Book & CD),Bill Nelson,166,3.83,2003,24,720,English,6
354,,Peter Norton,37,3.95,1995,9,,English,0
355,Harmony for Computer Musicians,Michael Hewitt,54,4.43,2010,4,304,English,2
356,80X86 IBM PC and Compatible Computers: Assembly Language Design and Interfacing; Volume I and II,Muhammad Ali Mazidi,67,4.04,1997,3,984,English,4
357,Building Your Own Computer Made Easy: The Step By Step Guide (Computers Made Easy Book 6),James Bernstein,33,4.61,2019,2,131,English,4
358,Structured Design: Fundamentals of a Discipline of Computer Program and Systems Design,Edward Yourdon,26,3.69,1978,3,473,English,3
359,,T.L. Taylor,65,3.92,2015,7,304,English,8
360,The Art of Human  Computer Interface Design,Brenda Laurel (Editor),42,3.79,1990,1,544,English,1
361,Modern Computer Hardware Course,Manahar Lotia,23,3.48,2006,1,,English,3
363,Wired for Speech: How Voice Activates and Advances the Human  Computer Relationship,Clifford Nass,52,4.19,2005,3,296,English,5
364,New Word a Day for Kids: Computer Terms,Elliot Carruthers,1,4,2016,2,186,English,0
365,Computer Architecture and Logic Design,Thomas C. Bartee,37,4,1990,2,628,English,3
368,,Joe Rejeski,2,2.5,2017,1,176,English,2
369,Calculated Bets: Computers Gambling and Mathematical Modeling to Win,Steven S. Skiena,84,3.92,1997,6,252,English,0
370,Computer Networks,Bhushan Trivedi,23,3.96,2012,1,816,English,5
371,Computer Programming with MATLAB,J. Michael Fitzpatrick,20,4.05,2013,2,350,English,5
372,Fundamentals of Computer Programming with C# (The Bulgarian C# Book),Svetlin Nakov,86,4.41,2011,4,,English,7
373,Rez Road Follies: Canoes Casinos Computers and Birch Bark Baskets,Jim Northrup,140,4.04,1997,2,256,English,12
374,Core Memory: A Visual Survey of Vintage Computers,John Alderman,105,4.36,2007,6,160,English,10
375,Think Java: How to Think Like a Computer Scientist,Allen B. Downey,122,3.82,2016,17,248,English,23
376,Build Awesome Command  Line Applications in Ruby: Control Your Computer Simplify Your Life,David B. Copeland,106,3.89,2012,5,225,English,10
377,Peppa Pig: Peppa Pig's Family Computer,Neville Astley (Creator),175,,2012,6,24,English,2
378,,Bill Myers,124,3.65,1999,5,128,English,3
379,Pain Free at Your PC: Using a Computer Doesn't Have to Hurt,Pete Egoscue,107,3.98,1999,4,208,English,5
380,Peter Norton's Introduction to Computers Fifth Edition Computing Fundamentals Student Edition,Peter Norton,37,3.95,1995,9,502,English,0
381,Discovering Computers: Fundamentals,Gary B. Shelly,34,3.03,2004,13,488,English,6
382,A Female Genius: How Ada Lovelace Lord Byron's Daughter Started the Computer Age,James Essinger,1372,3.3,2013,15,256,English,213
383,What Computers Can't Do: A Critique of Artificial Reason,Hubert L. Dreyfus,37,3.86,2015,10,354,English,8
384,Computer Ethics,Deborah G. Johnson,58,3.4,1984,9,240,English,4
385,Computer Security: Art and Science,Matt Bishop,52,3.69,,4,1136,English,4
387,Brain  Computer Interfacing: An Introduction,Rajesh P.N. Rao,31,4.13,2013,5,337,English,2
388,Computer Security: Principles and Practice,William Stallings,142,3.7,2007,17,798,English,11
389,Instructor's Manual t/a Structure and Interpretation of Computer Programs second edition,Julie Sussman,34,4.35,1998,2,224,English,1
390,Essentials of Computer Architecture,Douglas E. Comer,36,4.14,2004,7,400,English,2
391,,Vincent P. Heuring,18,4.39,1996,1,600,English,4
392,Fuzzy Logic: The Revolutionary Computer Technology That Is Changing Our World,Daniel McNeill,107,3.61,1993,5,320,,9
393,Being a Go  To  Tech: How to Be Both Successful and Happy While Working in the World of Computers,Warren C. Zabloudil,5,4,2012,1,138,English,1
394,Zuto: The Adventures of a Computer Virus,Udi Aharoni,30,4.27,2012,2,182,English,6
395,The Datacenter as a Computer: An Introduction to the Design of Warehouse  Scale Machines,Luiz André Barroso,60,4.23,2009,9,107,English,5
396,Women Who Launched the Computer Age,Laurie Calkhoven,91,4.08,2016,5,,English,16
397,The Myths of Security: What the Computer Security Industry Doesn't Want You to Know,John Viega,74,3.2,2009,5,264,English,15
398,Programming Computer Vision with Python: Tools and algorithms for analyzing images,Jan Erik Solem,66,,2012,10,264,English,4
399,The Principles of Computer Hardware,Alan Clements,43,3.79,1985,8,716,English,3
400,,Joseph Connor,19,3.32,2015,1,154,English,2
401,Hacking for Beginners: Learn Practical Hacking Skills! All About Computer Hacking Ethical Hacking Black Hat Penetration Testing And Much More!,Cooper Alvin,77,3.29,2017,1,63,English,6
402,A Programmer's Guide to Computer Science: A virtual degree for the self taught developer,William M. Springer II,25,3.6,,4,190,English,1
403,The Encyclopedia of Human Computer Interaction,Mads Soegaard,8,4,2014,1,22,English,0
404,How Computer Games Help Children Learn,David Williamson Shaffer (Foreword),78,3.81,2006,2,256,English,13
405,Incident Response & Computer Forensics,Jason T. Luttgens,78,4.31,2013,4,601,English,4
406,,Lillian Pierson,161,3.42,2014,13,384,English,14
407,Computer Science With C++ CBSE XII Vol. 1: A Textbook for CBSE,Preeti Arora,23,4.22,2018,1,640,English,1
408,The Art of 3D Computer Animation and Effects,Isaac V. Kerlow,39,4.15,2009,2,499,English,3
409,Computer Algorithms: Introduction to Design and Analysis,Sara Baase,44,3.45,1978,5,600,English,4
410,Crashing Computers,Michael Coleman,132,3.68,1999,9,160,English,6
411,Hacking: Beginner to Expert Guide to Computer Hacking Basic Security and Penetration,James  Patterson,42,3.64,2011,1,92,English,4
412,62 Projects to Make with a Dead Computer:,Randy Sarafan,61,3.51,2010,1,252,English,10
413,,William M. Newman,20,3.7,1973,4,541,English,0
414,Click Start :Computer Science For Schools Student'S Book 9,Narasimhan Meera,19,3.63,2013,1,200,English,0
415,The Nostalgia Nerd's Retro Tech: Computer Consoles & Games,Peter Leigh,152,3.93,2018,4,394,English,
416,The Psychology of Human  Computer Interaction,Stuart Card (Editor),17,4.06,1986,6,488,English,1
417,Cambridge IGCSE Computer Science Coursebook,Sarah Lawrey,11,3.45,2015,1,232,English,
419,Coding For Dummies (For Dummies),Nikhil Abraham,15,3.93,2017,2,255,English,0
420,115 Productivity Apps to Maximize Your Time: Apps for iPhone iPad Android Kindle Fire and PC/iOS Desktop Computers (Updated: October 2014),S.J. Scott,63,3.37,2014,1,170,English,5
421,Languages and Machines: An Introduction to the Theory of Computer Science,Thomas A. Sudkamp,50,3.58,1988,6,654,English,1
422,Discovering Computers 2010: Living in a Digital World Complete,Gary B. Shelly,33,3.42,2009,5,830,English,2
423,Discovering Computers 2011  Complete: Living in a Digital World,Gary B. Shelly,24,3.33,2010,4,830,English,2
424,,Harold Abelson,37,4.22,1981,2,498,English,1
425,Minds Machines and Multiverse: The Quest for the Quantum Computer,Julian Brown,81,3.64,1999,5,396,English,8
426,Computers Today,Donald H. Sanders,29,3.86,,9,648,English,4
427,Schaum's Outline of Computer Architecture,Nick Carter,24,4.12,2001,2,306,English,2
428,Computer Vision: A Modern Approach,David A. Forsyth,84,3.71,2002,10,693,English,4
429,,Matt Nicholson,81,4.12,2014,3,302,English,9
430,The Art of Computer Programming Volume 4 Fascicles 0  4,Donald Ervin Knuth,14,5,2009,1,944,English,1
431,John von Neumann: The Scientific Genius Who Pioneered the Modern Computer Game Theory Nuclear Deterrence and Much More,Norman Macrae,184,3.73,1992,7,405,English,
433,Python: Python Programming For Beginners The Comprehensive Guide To Python Programming: Computer Programming Computer Language Computer Science,Adam Stark,31,3.45,2016,1,88,English,1
434,,Sue Bradford Edwards,40,4.05,2017,2,112,English,11
435,The Art of Computer Programming Volume 4 Fascicles 0  4,Donald Ervin Knuth,14,5,2009,1,944,English,1
436,Computer Networks: Principles Technologies and Protocols for Network Design,Natalia Olifer,63,3.87,2005,7,1000,English,